{"cameraMode":{"drawMode":0,"name":"Shaded","section":"Shading Mode"},"sceneLighting":false,"audioPlay":false,"sceneViewState":{"showFog":false,"showMaterialUpdate":false,"showSkybox":false,"showFlares":false,"showImageEffects":false,"showParticleSystems":false},"in2DMode":false,"pivot":{"x":-9.358707427978516,"y":7.901267051696777,"z":-7.939156532287598},"rotation":{"x":0.4941130578517914,"y":-0.08248637616634369,"z":0.049334701150655749,"w":0.8651890754699707},"size":19.145524978637697,"orthographic":true}